,Test MMRE,Avg. Training Loss
0,2.0371795984295504,0.025564422732905337
1,1.3436834510726234,0.010297892878665343
